"1","Ardisj","Rosekilly","arosekilly0@census.gov","AzFVuMv8","220136","50888","16314","61400","60300","31234"
"2","Wain","Tease","wtease1@nps.gov","F9kGvfb8Y","157476","32717","11580","61400","60300","-8521"
"3","Annabelle","Bellin","abellin2@baidu.com","97F71VXQgW9A","110544","20459","7654","61400","60300","-39269"
"4","Victoir","Coraini","vcoraini3@va.gov","5sOlDKN8yf","39951","5993","2018","2277","631","29032"
"5","Eveline","Newlove","enewlove4@time.com","KaPWyk","269535","67127","22814","61400","60300","57894"
"6","Randa","Coltart","rcoltart5@biglobe.ne.jp","gJA5wkAs4gR8","292091","74571","25783","61400","60300","70037"
"7","Tiena","Trembley","ttrembley6@spotify.com","ws66tMe","233588","55265","18084","61400","60300","38539"
"8","Annabel","Wooster","awooster7@cnbc.com","ptDPOIgenfNU","277529","69765","23866","61400","60300","62198"
"9","Cassandre","Christoffersen","cchristoffersen8@fastcompany.com","uEAUD8bW1hj","122499","23567","8988","61400","60300","-31756"
"10","Geoffry","Oswald","goswald9@jimdo.com","8WAZISHl","228938","53730","17472","61400","60300","36036"
"11","Marrilee","Skirven","mskirvena@parallels.com","iTi8nUC","152522","31373","10977","61400","60300","-11528"
"12","Archambault","Owtram","aowtramb@blogspot.com","oSxA96VhS","121350","23269","8860","61400","60300","-32479"
"13","Mabelle","Mehew","mmehewc@bravesites.com","WHqxdBRTW82","284231","71977","24748","61400","60300","65806"
"14","Rusty","Thurley","rthurleyd@drupal.org","91iJsq7trb","71887","11976","4682","61400","60300","-66471"
"15","Roosevelt","Bahl","rbahle@bing.com","HaygVcGP","241050","57727","19066","61400","60300","42557"
"16","Amelia","Von Welden","avonweldenf@nydailynews.com","gmjehIPXrr","122658","23609","9006","61400","60300","-31657"
"17","Ingeborg","Lavender","ilavenderg@nationalgeographic.com","GTAHEz","232572","54929","17950","61400","60300","37993"
"18","Umeko","Matisse","umatisseh@usa.gov","ZDfFs6IM2UrA","284729","72141","24814","61400","60300","66074"
"19","Gay","McGhee","gmcgheei@huffingtonpost.com","9JeFMk","204808","46443","17335","61400","60300","19330"
"20","Harald","Pyrah","hpyrahj@biblegateway.com","Fg36VxHF","226442","52906","17143","61400","60300","34693"
"21","Luz","Rundle","lrundlek@slideshare.net","Aquc9gtIYN","266810","66228","22456","61400","60300","56426"
"22","Fowler","Rain","frainl@live.com","wMIWTEJ9t","176810","38324","13931","61400","60300","2855"
"23","Carver","Banaszkiewicz","cbanaszkiewiczm@webs.com","1SZJ5jvgm","168839","36012","12961","61400","60300","-1834"
"24","Dulcie","Treweke","dtreweken@godaddy.com","44jYOhRZ","116511","22010","8320","61400","60300","-35519"
"25","Nina","Hansel","nhanselo@cornell.edu","7CAO7pWE","271763","67862","23108","61400","60300","59093"
"26","Tailor","Mooring","tmooringp@ftc.gov","PrPMZ69FycV","187312","41369","15208","61400","60300","9035"
"27","Kahlil","Walczak","kwalczakq@aboutads.info","6LJ04SLHAbqr","169864","36309","13086","61400","60300","-1231"
"28","Rhiamon","Greene","rgreener@phpbb.com","4fDkg4","76512","12924","5106","61400","60300","-63218"
"29","Nil","Lathan","nlathans@usa.gov","Y8uoduaYpLbX","38684","5803","1954","2205","611","28111"
"30","Jessalin","Rawlinson","jrawlinsont@admin.ch","laYBt0XUk3j2","160172","33499","11907","61400","60300","-6934"
"31","Dougy","Statham","dstathamu@photobucket.com","BVtJun2i6","120951","23165","8815","61400","60300","-32729"
"32","Hildy","Ciccotto","hciccottov@naver.com","x3weiCA","30507","4576","1541","1739","482","22169"
"33","Drusi","Sahlstrom","dsahlstromw@un.org","4dPY21g4QrWV","83432","14343","5739","61400","60300","-58350"
"34","Selinda","Armour","sarmourx@amazon.com","WdplmYL","29718","4458","1501","1694","470","21595"
"35","Joscelin","Marsden","jmarsdeny@wordpress.org","sqMPWQaanN7p","273293","68367","23309","61400","60300","59917"
"36","Kimmy","Volleth","kvollethz@qq.com","YqwTjpG","137162","27380","10625","61400","60300","-22543"
"37","Franni","Margerison","fmargerison10@theguardian.com","lq3HLAyAcx","182368","39936","14606","61400","60300","6126"
"38","Ringo","Asquith","rasquith11@naver.com","kEDWw3hDbCOE","44065","6610","2225","2512","696","32022"
"39","Tobe","Juggins","tjuggins12@chron.com","uXc3oHzBkSU3","232736","54983","17972","61400","60300","38081"
"40","Janot","Ludlam","jludlam13@cdbaby.com","HZXyYuSQzEU","54928","8499","3131","3131","868","39299"
"41","Lura","Llywarch","lllywarch14@hud.gov","FmEphhE","243474","58527","19385","61400","60300","43862"
"42","Hanni","Featherstone","hfeatherstone15@indiatimes.com","b21WmWVrWD3","54522","8416","3093","3108","861","39044"
"43","Janeva","Boscher","jboscher16@usda.gov","In7P7nc7O4M0","262809","64908","21929","61400","60300","54272"
"44","Wakefield","Linne","wlinne17@istockphoto.com","zDX4NvG","243514","58540","19390","61400","60300","43884"
"45","Cassaundra","Rendall","crendall18@boston.com","Wf2kTBjBgB","230380","54206","17662","61400","60300","36812"
"46","Creight","Whenham","cwhenham19@vistaprint.com","c5MQFbxHXjG","52701","8043","2927","3004","833","37894"
"47","Shelia","Attkins","sattkins1a@clickbank.net","gN1xCh4GBlxp","83297","14315","5726","61400","60300","-58444"
"48","Nikolai","Sattin","nsattin1b@ezinearticles.com","CnitbMVcOBK","111161","20619","7723","61400","60300","-38881"
"49","Nara","Aronstein","naronstein1c@house.gov","8ZBdY4Gl","289285","73645","25414","61400","60300","68526"
"50","Anson","Greves","agreves1d@skyrock.com","C7Nj9veA7I","175663","37991","13791","61400","60300","2181"
"51","Cristy","Rickeard","crickeard1e@vinaora.com","CoTF0OxtFx","224761","52352","16922","61400","60300","33787"
"52","Scottie","Carletto","scarletto1f@hubpages.com","0MYruN","156842","32533","11502","61400","60300","-8893"
"53","Denny","Mercer","dmercer1g@mlb.com","IGCuNPkAyF","254038","62013","20775","61400","60300","49550"
"54","Alta","Attree","aattree1h@weibo.com","k4jnMS","29753","4463","1503","1696","470","21621"
"55","Carolynn","Groom","cgroom1i@xrea.com","7cJnDNugEvep","177078","38401","13963","61400","60300","3014"
"56","Pippo","Penwright","ppenwright1j@miibeian.gov.cn","f2HCcQ","172821","37167","13445","61400","60300","509"
"57","Stevana","Izzard","sizzard1k@de.vu","R2vfyL","75179","12651","4984","61400","60300","-64156"
"58","Stanford","Fritzer","sfritzer1l@oakley.com","UBfjGnSoa5y","222231","51517","16589","61400","60300","32425"
"59","Jacinthe","Ramble","jramble1m@msn.com","pH8DvlkDx","87640","15205","6124","61400","60300","-55389"
"60","Kaleena","Nazer","knazer1n@ihg.com","AU4gs9F","172952","37205","13461","61400","60300","586"
"61","Elisa","O'Fallon","eofallon1o@wikispaces.com","kjxflceQuaQu","116191","21927","8284","61400","60300","-35720"
"62","Biddie","Doerling","bdoerling1p@webmd.com","GGtNOcS","244643","58913","19539","61400","60300","44491"
"63","Sean","Levey","slevey1q@clickbank.net","8FIkGlLUt0iO","43305","6496","2187","2468","684","31470"
"64","Marge","Blare","mblare1r@chronoengine.com","jpxdHn","142237","28699","11191","61400","60300","-19353"
"65","Roosevelt","Roussell","rroussell1s@virginia.edu","QuN43p","238759","56971","18764","61400","60300","41324"
"66","Manolo","Mettrick","mmettrick1t@vimeo.com","202l70iQfr","182414","39949","14612","61400","60300","6153"
"67","Clayson","Brinklow","cbrinklow1u@ucoz.com","0uprL0pcVO8D","167995","35767","12859","61400","60300","-2331"
"68","Kriste","Fremantle","kfremantle1v@adobe.com","I1bsRR5sbE","176528","38242","13896","61400","60300","2690"
"69","Gaspar","Neward","gneward1w@ed.gov","7ucbW6nOb","279040","70264","24065","61400","60300","63011"
"70","Wandis","McVicker","wmcvicker1x@about.com","iqWNMJamXHvd","169317","36151","13019","61400","60300","-1553"
"71","Matt","Feuell","mfeuell1y@gnu.org","vykatyW","160460","33582","11942","61400","60300","-6764"
"72","Hymie","Legat","hlegat1z@mayoclinic.com","9FcZOA","296997","76190","26428","61400","60300","72679"
"73","Maynard","Snedker","msnedker20@abc.net.au","iBoeTc","32264","4840","1629","1839","510","23446"
"74","Tulley","Eadmeades","teadmeades21@barnesandnoble.com","r9gYPUkuU","40845","6127","2063","2328","645","29682"
"75","Clarette","Mulvey","cmulvey22@goo.ne.jp","lKpRCkXl","105589","19171","7101","61400","60300","-42383"
"76","Chloe","McLachlan","cmclachlan23@blogtalkradio.com","xFKTRuZuiE","102301","18316","6734","61400","60300","-44449"
"77","Allin","Hanhart","ahanhart24@psu.edu","LKSXDvq8","196998","44178","16385","61400","60300","14735"
"78","Roslyn","Malthus","rmalthus25@illinois.edu","KCUDJFO","136811","27288","10585","61400","60300","-22762"
"79","Gaby","Nockalls","gnockalls26@typepad.com","DmcKcbkFE9M","221731","51352","16523","61400","60300","32156"
"80","Jimmy","MacAughtrie","jmacaughtrie27@redcross.org","baX2NoWA","247305","59791","19889","61400","60300","45925"
"81","Daffie","Balasini","dbalasini28@google.pl","6aAxusByP","40831","6125","2062","2327","645","29672"
"82","Lyn","Scoble","lscoble29@ucoz.ru","P9yl1ztbmJLe","128478","25122","9655","61400","60300","-27999"
"83","Morey","Wieprecht","mwieprecht2a@dyndns.org","rxbOfXM","246823","59632","19826","61400","60300","45665"
"84","Sollie","Carrick","scarrick2b@mail.ru","ymhV4O4drANE","291181","74270","25663","61400","60300","69548"
"85","Reinwald","Whyler","rwhyler2c@ebay.co.uk","MDKeQrCeyJs","154867","31983","11262","61400","60300","-10078"
"86","Bibby","Ayree","bayree2d@fastcompany.com","CkUZzgq","27353","4103","1381","1559","432","19878"
"87","Hulda","McMurthy","hmcmurthy2e@rediff.com","yu8QGxNK","87611","15199","6121","61400","60300","-55409"
"88","Lucila","Greening","lgreening2f@theguardian.com","2hdLLiNBg5","59493","9435","3548","3391","940","42179"
"89","Noreen","Felgate","nfelgate2g@deviantart.com","KgkH2RoR7WMj","81996","14048","5607","61400","60300","-59359"
"90","Haley","Yedall","hyedall2h@nps.gov","ntLqI6ufFUAp","242272","58130","19227","61400","60300","43215"
"91","Francine","Ive","five2i@noaa.gov","sCrvlqrcJ","188179","41621","15313","61400","60300","9545"
"92","Livvie","Prestie","lprestie2j@bbc.co.uk","hqvzACdbNP","201978","45622","16991","61400","60300","17665"
"93","Rani","Weerdenburg","rweerdenburg2k@whitehouse.gov","4wL8zWC","228180","53480","17372","61400","60300","35628"
"94","Terrance","Gosson","tgosson2l@live.com","NR9hOx","155064","32034","11286","61400","60300","-9956"
"95","Leodora","Mallinder","lmallinder2m@google.pl","Qjultu","97802","17289","6232","61400","60300","-47419"
"96","Sephira","Bointon","sbointon2n@a8.net","2RHgFX4fP","178004","38670","14076","61400","60300","3558"
"97","Henrietta","Tousey","htousey2o@vkontakte.ru","DtHdS8e","124801","24166","9245","61400","60300","-30310"
"98","Cynthy","Blunsum","cblunsum2p@wordpress.org","JK8Hap","59478","9432","3547","3390","940","42169"
"99","Ozzie","Renforth","orenforth2q@bloomberg.com","Iy1PEeo6","261977","64633","21820","61400","60300","53824"
"100","Leigh","Badsey","lbadsey2r@infoseek.co.jp","pX5ndE3v1E","145770","29618","11585","61400","60300","-17133"
"101","Olly","Aitken","oaitken2s@ucsd.edu","xLhaVmVco","106416","19386","7193","61400","60300","-41863"
"102","Nance","Hallihane","nhallihane2t@paypal.com","lSntlwtjSzv","234579","55592","18214","61400","60300","39073"
"103","Reagen","Gisburne","rgisburne2u@npr.org","QbI5nVXXWb","172130","36967","13361","61400","60300","102"
"104","Uri","Southerton","usoutherton2v@disqus.com","QbxfcLSeHRMU","142776","28839","11251","61400","60300","-19014"
"105","Simonne","Casewell","scasewell2w@newsvine.com","bIZKqt3","35582","5337","1797","2028","562","25858"
"106","Barrett","Seif","bseif2x@shinystat.com","SKbgzTOISU","74013","12412","4877","61400","60300","-64976"
"107","Elenore","Stoves","estoves2y@hugedomains.com","k4Swypa97d6","170824","36588","13203","61400","60300","-667"
"108","Sigismondo","Antognozzii","santognozzii2z@hp.com","EmTz000Z","199209","44819","16654","61400","60300","16036"
"109","Salvatore","Boothman","sboothman30@360.cn","p0DKYm","220982","51134","16425","61400","60300","31723"
"110","Rolando","Messager","rmessager31@sina.com.cn","sR0IxYE","174790","37738","13685","61400","60300","1667"
"111","Micheil","Carson","mcarson32@ox.ac.uk","qcO4UeFHX","170830","36590","13203","61400","60300","-663"
"112","Dawn","Keyte","dkeyte33@geocities.com","bajSwXXuz","81826","14013","5592","61400","60300","-59479"
"113","Sybila","Wallman","swallman34@tumblr.com","vPY4FHia","128990","25255","9713","61400","60300","-27678"
"114","Charlot","Brewett","cbrewett35@walmart.com","JXXxQJq","142529","28775","11224","61400","60300","-19170"
"115","Addi","Whanstall","awhanstall36@shinystat.com","kvO1mY26LTIi","240042","57394","18933","61400","60300","42015"
"116","Adriaens","Ruben","aruben37@tripadvisor.com","Q2tIjVHHJib","163107","34350","12264","61400","60300","-5207"
"117","Malva","Guiduzzi","mguiduzzi38@goo.ne.jp","5dGXJpXRoja","217970","50260","18936","61400","60300","27074"
"118","Keelby","Astman","kastman39@elpais.com","cE97FvOIQ","96344","16990","6069","61400","60300","-48415"
"119","Saundra","Stot","sstot3a@liveinternet.ru","of8FNUwo","168008","35771","12860","61400","60300","-2323"
"120","Reeta","Hulks","rhulks3b@youtu.be","vk0mREuaFnZA","255243","62411","20934","61400","60300","50198"
"121","Wald","Neames","wneames3c@webeden.co.uk","DPxin0kMp2","94076","16525","5816","61400","60300","-49965"
"122","Tarah","Jessard","tjessard3d@hostgator.com","uVq8vPF0aGWN","80068","13653","5431","61400","60300","-60716"
"123","Desmund","McCluney","dmccluney3e@nifty.com","CufMki6s","55312","8578","3166","3153","874","39541"
"124","Skylar","Rugge","srugge3f@sitemeter.com","gI3SvK","208754","47588","17815","61400","60300","21651"
"125","Shannon","Aizikovitz","saizikovitz3g@histats.com","OzriphLt","206068","46809","17488","61400","60300","20071"
"126","Lurlene","Blodgetts","lblodgetts3h@diigo.com","ZNgpgySq","273030","68280","23274","61400","60300","59776"
"127","Benedetta","Cescoti","bcescoti3i@hao123.com","dCEyAU4J","179326","39053","14237","61400","60300","4336"
"128","Rosita","Delgadillo","rdelgadillo3j@feedburner.com","B71ApbBsEF9Z","62168","9984","3793","61400","60300","-73309"
"129","Manfred","Dalglish","mdalglish3k@cloudflare.com","BIjZo3fNHcN","109339","20146","7519","61400","60300","-40026"
"130","Adrian","McMillam","amcmillam3l@hud.gov","UNWs1fLD","61460","9838","3728","61400","60300","-73806"
"131","Earl","Boorman","eboorman3m@chicagotribune.com","TQaljS","205304","46587","17395","61400","60300","19622"
"132","Filippo","Varden","fvarden3n@people.com.cn","Oa2B5tC","233091","55101","18018","61400","60300","38272"
"133","Vassily","Maylard","vmaylard3o@deviantart.com","bjHS10","163940","34591","12366","61400","60300","-4717"
"134","Clarke","Hounsome","chounsome3p@statcounter.com","hOQg4yDlzwi","136619","27239","10564","61400","60300","-22884"
"135","Baird","Dudmarsh","bdudmarsh3q@altervista.org","2VHlTqY1","161216","33801","12034","61400","60300","-6319"
"136","Shaylah","Trynor","strynor3r@imdb.com","zVzQVpSiGS","65793","10727","4125","61400","60300","-70759"
"137","Zorah","Mincher","zmincher3s@sciencedaily.com","9AHay6s4Y","152149","31276","10932","61400","60300","-11759"
"138","Paxon","Morstatt","pmorstatt3t@ebay.co.uk","zaXXklvwA","93987","16506","5806","61400","60300","-50025"
"139","Roldan","Geake","rgeake3u@si.edu","tRHgooq6b","37877","5682","1913","2159","598","27525"
"140","Humberto","Schild","hschild3v@usnews.com","rBn5Df9zUl","181932","39809","14553","61400","60300","5870"
"141","Kattie","Ranscome","kranscome3w@webs.com","7sakUPcELGb4","50447","7581","2721","2875","797","36473"
"142","Conroy","Lusted","clusted3x@ftc.gov","dWxPmru","87477","15172","6109","61400","60300","-55504"
"143","Orelie","Musgrave","omusgrave3y@quantcast.com","sahrzY","268958","66937","22739","61400","60300","57582"
"144","Barbabra","Tukesby","btukesby3z@jalbum.net","BurSUN","112475","20961","7869","61400","60300","-38055"
"145","Brit","Fawlo","bfawlo40@posterous.com","F5JD53XKxXh","267642","66502","22565","61400","60300","56875"
"146","Walden","Sex","wsex41@slate.com","iMjjO6LGn","255544","62510","20973","61400","60300","50361"
"147","Waneta","Dureden","wdureden42@nyu.edu","mLkFkVD2vEGC","99319","17600","6401","61400","60300","-46382"
"148","Shelby","Jurek","sjurek43@cloudflare.com","kjhUP4qlZ","202468","45765","17051","61400","60300","17952"
"149","Malanie","Bezant","mbezant44@nydailynews.com","VRYbcx","208535","47524","17788","61400","60300","21523"
"150","Bil","Paver","bpaver45@eepurl.com","ykACLHI","169695","36260","13065","61400","60300","-1330"
"151","Boothe","MacKegg","bmackegg46@is.gd","BYVpf70CAJrR","291723","74449","25734","61400","60300","69840"
"152","Retha","Griss","rgriss47@digg.com","Ly1t4Rst7Mg8","220710","51055","16389","61400","60300","31566"
"153","Celinda","Flatley","cflatley48@senate.gov","gVX2XBlDfmgY","232792","55002","17979","61400","60300","38111"
"154","Graeme","Macvey","gmacvey49@ovh.net","992IBoU","282300","71340","24494","61400","60300","64766"
"155","Harley","Melsome","hmelsome4a@wikipedia.org","eWVa6IwPWR","27299","4095","1379","1556","431","19838"
"156","Drucy","Teck","dteck4b@mit.edu","jwORMRBnkPTQ","114833","21574","8133","61400","60300","-36574"
"157","Gib","Reiling","greiling4c@liveinternet.ru","ONyyUTX","298122","76561","26577","61400","60300","73284"
"158","Rhea","Shapcott","rshapcott4d@goodreads.com","3ccL9k","286518","72731","25049","61400","60300","67038"
"159","Cheryl","Bonnett","cbonnett4e@cbsnews.com","TftFPlCN","197885","44436","16493","61400","60300","15256"
"160","Abra","Mawhinney","amawhinney4f@constantcontact.com","sViYyBtuuWV","27495","4124","1388","1567","434","19982"
"161","Trever","Baysting","tbaysting4g@yale.edu","SE9CXlhC","240725","57620","19023","61400","60300","42382"
"162","Anna-diane","Skelhorn","askelhorn4h@army.mil","ONeB6BrIO","35624","5344","1799","2031","563","25887"
"163","Charmane","Rosie","crosie4i@youtube.com","R1ankcQC0","288726","73460","25340","61400","60300","68226"
"164","Allyn","MacWilliam","amacwilliam4j@rediff.com","GZqd417q","116336","21965","8300","61400","60300","-35629"
"165","Zebulon","Wayon","zwayon4k@bizjournals.com","TMiKEibxuLt6","166262","35265","12648","61400","60300","-3351"
"166","Crawford","Burnhams","cburnhams4l@hp.com","n1ztJjlQu6K6","295059","75550","26173","61400","60300","71636"
"167","Kay","Henrot","khenrot4m@csmonitor.com","7eViDMUs9","188629","41751","15368","61400","60300","9810"
"168","Sashenka","Fenix","sfenix4n@goo.ne.jp","KPr0jT1ijGK","126360","24571","9419","61400","60300","-29330"
"169","Sharyl","Crossland","scrossland4o@techcrunch.com","IUjzCFCRm7Z","259469","63805","21490","61400","60300","52474"
"170","Silas","Skinn","sskinn4p@zimbio.com","VEpGM15GVm2","72638","12130","4751","61400","60300","-65943"
"171","Willy","Nancekivell","wnancekivell4q@nyu.edu","VvrhDqs4","190377","42258","15580","61400","60300","10839"
"172","Neil","Janisson","njanisson4r@mashable.com","0bRYMqRwt","31456","4718","1589","1793","497","22859"
"173","Matilde","Maddy","mmaddy4s@hatena.ne.jp","h6MgeKtIbaI","133355","26390","10200","61400","60300","-24935"
"174","Jeffy","Outhwaite","jouthwaite4t@topsy.com","YxXl7FuK4b","120685","23096","8786","61400","60300","-32897"
"175","Vaughan","Gimson","vgimson4u@weibo.com","SaZKf7","56722","8867","3295","3233","896","40431"
"176","Bond","Gaitskell","bgaitskell4v@oracle.com","E6tOqtL6q8oH","95265","16768","5949","61400","60300","-49152"
"177","Matt","Sinkin","msinkin4w@weebly.com","peOXxF","274357","68718","23449","61400","60300","60490"
"178","Renault","Gossage","rgossage4x@boston.com","gcRqadEL","128164","25040","9620","61400","60300","-28196"
"179","Zsazsa","Goldstein","zgoldstein4y@slashdot.org","WTCMbYkKfa42","204338","46307","17278","61400","60300","19053"
"180","Cyrille","Alman","calman4z@senate.gov","fyS0ZYU","92851","16274","5679","61400","60300","-50802"
"181","Brenna","Matveyev","bmatveyev50@gnu.org","qMFpvog","222644","51653","16644","61400","60300","32647"
"182","Valentin","Crus","vcrus51@reference.com","NDn64s1j4Vd0","246413","59497","19772","61400","60300","45444"
"183","Cherilyn","Print","cprint52@sciencedirect.com","GNgjMpO0qtj","97462","17219","6194","61400","60300","-47651"
"184","Deane","Threadgold","dthreadgold53@reuters.com","Nn95sr7","137639","27504","10678","61400","60300","-22243"
"185","Hyatt","De Bruijne","hdebruijne54@craigslist.org","QmRlgy","84028","14465","5793","61400","60300","-57930"
"186","Ardis","O'Rudden","aorudden55@npr.org","TX4hmM9cnapi","81958","14041","5604","61400","60300","-59387"
"187","Lukas","Fencott","lfencott56@networksolutions.com","o34fRfZgm","44422","6663","2243","2532","702","32282"
"188","Nixie","Givens","ngivens57@engadget.com","u3US6uzr4Z6D","142224","28696","11189","61400","60300","-19361"
"189","Tanney","Mackro","tmackro58@lycos.com","3zHm8w0SBt","126322","24561","9415","61400","60300","-29354"
"190","Ruperta","Hubach","rhubach59@sitemeter.com","GvKGgF","184348","40510","14847","61400","60300","7291"
"191","Sibby","Lanfear","slanfear5a@printfriendly.com","Q0HCduGaa","251864","61296","20489","61400","60300","48379"
"192","Elston","Cosbey","ecosbey5b@examiner.com","KBijLs","35545","5332","1795","2026","562","25830"
"193","Audrie","Pawley","apawley5c@techcrunch.com","9DqSxob","191904","42701","15766","61400","60300","11737"
"194","Matias","Leall","mleall5d@bluehost.com","jVu5NboGZ","120558","23063","8772","61400","60300","-32977"
"195","Oralee","Simmig","osimmig5e@bizjournals.com","Yx2Ccf1xFVL","93363","16379","5737","61400","60300","-50453"
"196","Thorndike","Ayllett","tayllett5f@prnewswire.com","GhcdC5U","268621","66825","22694","61400","60300","57402"
"197","Misha","Volonte","mvolonte5g@state.tx.us","XhFqrn1","30794","4619","1555","1755","487","22378"
"198","Isabel","Acomb","iacomb5h@wordpress.com","nUZwLjH","108713","19983","7450","61400","60300","-40420"
"199","Jamesy","Reiner","jreiner5i@dion.ne.jp","HdhBeEGqMq","83917","14442","5783","61400","60300","-58008"
"200","Loella","Mendus","lmendus5j@purevolume.com","u6nYaMwofqaf","139345","27947","10868","61400","60300","-21170"
"201","Meredeth","Mc Ilwrick","mmcilwrick5k@multiply.com","kqEg7H","186934","41260","15162","61400","60300","8812"
"202","Sheilah","Celle","scelle5l@4shared.com","ArFqyBpUL","95174","16750","5939","61400","60300","-49215"
"203","Joela","Driussi","jdriussi5m@unicef.org","Abx9hK","251556","61194","20448","61400","60300","48214"
"204","Raf","MacColl","rmaccoll5n@people.com.cn","w0JLH1w","205775","46724","17453","61400","60300","19898"
"205","Dave","Tregien","dtregien5o@mozilla.org","Akuj0CZ","298638","76731","26644","61400","60300","73563"
"206","Ignatius","Matussov","imatussov5p@amazon.co.jp","DOPFL5aL5","229715","53986","17574","61400","60300","36455"
"207","Colet","Irons","cirons5q@wired.com","QkQGxUb","36042","5406","1820","2054","569","26193"
"208","Eryn","Piser","episer5r@boston.com","T3RFydacMLQi","110974","20571","7702","61400","60300","-38999"
"209","Othilia","Carpmile","ocarpmile5s@ebay.com","UMF7KHD1ERC","198847","44714","16610","61400","60300","15823"
"210","Fonzie","Laden","fladen5t@exblog.jp","LkbeZfK","180561","39412","14387","61400","60300","5062"
"211","Rina","Muro","rmuro5u@yandex.ru","doASYF88DJrs","71184","11832","4618","61400","60300","-66966"
"212","Leonie","Malden","lmalden5v@jugem.jp","rcXZQUe","172079","36952","13355","61400","60300","72"
"213","Carmelle","Caldayrou","ccaldayrou5w@nsw.gov.au","hWvnm8iVo","35888","5383","1812","2046","567","26080"
"214","Micah","Faich","mfaich5x@economist.com","swF9CUvY7MX","251490","61172","20440","61400","60300","48178"
"215","Megen","Josefson","mjosefson5y@hostgator.com","4pRNKYqtpYDD","190316","42240","15573","61400","60300","10803"
"216","Carolyn","Mogey","cmogey5z@examiner.com","AXR38LJ3","268816","66890","22720","61400","60300","57506"
"217","Cobbie","Eisold","ceisold60@spotify.com","w8kURt","207351","47181","17644","61400","60300","20826"
"218","Moll","Weavill","mweavill61@illinois.edu","tteYVuY","131511","25910","9994","61400","60300","-26093"
"219","Valaree","Papes","vpapes62@sciencedaily.com","r8cJiZTQphsg","154839","31976","11259","61400","60300","-10096"
"220","Lebbie","Mabbot","lmabbot63@unblog.fr","nxDuuC","123256","23764","9073","61400","60300","-31281"
"221","Iosep","Targe","itarge64@deviantart.com","XoqQML2DBYjy","227684","53316","17307","61400","60300","35361"
"222","Dawna","Asey","dasey65@digg.com","277LVoohZEu","144234","29218","11414","61400","60300","-18098"
"223","Danice","Jikovsky","djikovsky66@intel.com","HTVK5RnN","220614","51027","16376","61400","60300","31511"
"224","Mikel","Monckman","mmonckman67@sbwire.com","EVSiqVMtYJeT","56531","8828","3277","3222","893","40311"
"225","Culley","Drejer","cdrejer68@engadget.com","vhB3tj","211156","48284","18107","61400","60300","23065"
"226","Lindsy","Ramel","lramel69@redcross.org","WxXWMIUJzH2J","265750","65878","22316","61400","60300","55856"
"227","Rem","Czyz","rczyz6a@de.vu","S633M3Azt2","251108","61046","20389","61400","60300","47973"
"228","Janeczka","Marchington","jmarchington6b@soundcloud.com","pWjyKhkxyGyN","58251","9181","3435","3320","920","41395"
"229","Mattie","Bacchus","mbacchus6c@sfgate.com","cgMLeZ","77530","13133","5199","61400","60300","-62502"
"230","Shane","Feehan","sfeehan6d@msn.com","aDWZk6","286394","72691","25033","61400","60300","66970"
"231","Brennan","Scroggins","bscroggins6e@archive.org","XO9SvHnBnGFp","50969","7688","2768","2905","805","36803"
"232","Durward","Danit","ddanit6f@mac.com","8i8nyRUFmN2","183196","40176","14707","61400","60300","6613"
"233","Godfry","Pugh","gpugh6g@icio.us","eIPBSk","283776","71827","24689","61400","60300","65560"
"234","Perry","Blundell","pblundell6h@webeden.co.uk","5xuNgOLghqb","173341","37318","13509","61400","60300","814"
"235","Beryl","Palia","bpalia6i@ow.ly","i95pKFBg","57364","8999","3354","3270","906","40835"
"236","Raviv","Bleazard","rbleazard6j@simplemachines.org","R9AHl1W","299261","76937","26726","61400","60300","73898"
"237","Aharon","Hickin","ahickin6k@time.com","Vvq4drkae4u","203125","45955","17130","61400","60300","18340"
"238","Druci","Tomaskunas","dtomaskunas6l@nationalgeographic.com","yvQjd4uHf","207585","47249","17673","61400","60300","20963"
"239","Temp","Aubray","taubray6m@springer.com","7AAGx1lNTs3r","278098","69953","23941","61400","60300","62504"
"240","Casandra","Bredee","cbredee6n@sogou.com","kSu52AD","278938","70230","24052","61400","60300","62956"
"241","Novelia","Bohden","nbohden6o@foxnews.com","7tO2j01VB3y","91894","16077","6513","61400","60300","-52396"
"242","Gert","Ceely","gceely6p@mashable.com","ECizJZaADaA","280321","70686","24234","61400","60300","63701"
"243","Horatio","Zanettini","hzanettini6q@pcworld.com","H3LM3nVrw","169542","36216","13047","61400","60300","-1421"
"244","Ruddie","Janata","rjanata6r@privacy.gov.au","zdFoumEUv4","48769","7315","2567","2780","771","35336"
"245","Staford","Leyborne","sleyborne6s@soup.io","ZPeiV1q","225418","52568","17009","61400","60300","34141"
"246","Hamid","McFadin","hmcfadin6t@icq.com","cavfCLophFZm","170094","36376","13114","61400","60300","-1096"
"247","Karee","Wehden","kwehden6u@arstechnica.com","kUPDh7","75391","12694","5003","61400","60300","-64006"
"248","Frederico","Veck","fveck6v@japanpost.jp","hqUNcLaiPaQD","29328","4399","1481","1672","463","21313"
"249","Estrellita","Krysztofowicz","ekrysztofowicz6w@github.com","bu8zwLhVc","257691","63219","21256","61400","60300","51516"
"250","Diane-marie","Ivey","divey6x@amazonaws.com","1s55xze","65921","10753","4137","61400","60300","-70669"
"251","Merry","Farron","mfarron6y@reddit.com","kKQZOvVMmuw","113285","21172","7960","61400","60300","-37547"
"252","Wes","Belt","wbelt6z@parallels.com","rMbCRjX","220566","51013","16370","61400","60300","31483"
"253","Wernher","Nimmo","wnimmo70@buzzfeed.com","Xc8KTj4","130781","25721","9912","61400","60300","-26552"
"254","Willette","Edling","wedling71@marketwatch.com","kuUDI1lB","180313","39340","14357","61400","60300","4916"
"255","Merrile","Soanes","msoanes72@earthlink.net","f9oMfz5FQcFn","28984","4348","1464","1652","458","21062"
"256","Rona","Gilbanks","rgilbanks73@drupal.org","iwOhaUWsm","125225","24276","9292","61400","60300","-30043"
"257","Yance","Marrows","ymarrows74@timesonline.co.uk","vflOJD","132225","26096","10074","61400","60300","-25645"
"258","Myrwyn","Caslin","mcaslin75@liveinternet.ru","vokXS8X","247981","60014","19978","61400","60300","46289"
"259","Zena","Morrott","zmorrott76@mayoclinic.com","UoWEUyJ2","193425","43142","15951","61400","60300","12632"
"260","Glad","Barthram","gbarthram77@clickbank.net","LKH9NRJ6","81333","13912","5547","61400","60300","-59826"
"261","Ashli","Myhan","amyhan78@prlog.org","KDMWzs","211836","48481","18190","61400","60300","23465"
"262","Eudora","Loads","eloads79@a8.net","si7PDv","233278","55162","18043","61400","60300","38373"
"263","Ara","Astbury","aastbury7a@harvard.edu","tZIEosab6j","176876","38343","13939","61400","60300","2894"
"264","Ky","Ethelstone","kethelstone7b@surveymonkey.com","EhwmCuF","164377","34718","12419","61400","60300","-4460"
"265","Caterina","Madelin","cmadelin7c@cloudflare.com","mCKIhRMTbRx2","192062","42747","15785","61400","60300","11830"
"266","Arlee","Jzhakov","ajzhakov7d@baidu.com","ui5dYCLURMO","158700","33072","11728","61400","60300","-7800"
"267","Fitz","Aubery","faubery7e@dropbox.com","quP0j5Zv","26146","3922","1320","1490","413","19001"
"268","Clareta","Kydde","ckydde7f@deviantart.com","aPs9Ht","290704","74113","25600","61400","60300","69291"
"269","Rodrique","Colombier","rcolombier7g@blinklist.com","jMHGQb9Wuc","224899","52397","16940","61400","60300","33862"
"270","Richmound","Bollis","rbollis7h@thetimes.co.uk","cSvDvJqzC9O","171002","36639","13224","61400","60300","-561"
"271","Basilius","Troctor","btroctor7i@reference.com","iC8sgInsT","250392","60810","20295","61400","60300","47587"
"272","Meagan","Baile","mbaile7j@virginia.edu","s2T5RB","222807","51707","16665","61400","60300","32735"
"273","Portie","Turtle","pturtle7k@trellian.com","T8P1fxd","133541","26438","10220","61400","60300","-24817"
"274","Seumas","Dodgshon","sdodgshon7l@taobao.com","Ep4ZlPJBBZ","286680","72785","25071","61400","60300","67124"
"275","Alika","Soloway","asoloway7m@alexa.com","xQKiHxHsf","235161","55784","18291","61400","60300","39386"
"276","Thia","Pirozzi","tpirozzi7n@tiny.cc","u9AkQh","188978","41852","15410","61400","60300","10016"
"277","Prisca","Carradice","pcarradice7o@gnu.org","aB46xjuo7p","236278","56152","18438","61400","60300","39988"
"278","Matty","Felten","mfelten7p@creativecommons.org","K3o4aTW0Tb","63947","10348","3956","61400","60300","-72057"
"279","Chaddy","Desseine","cdesseine7q@dyndns.org","eg7QI6F","121846","23398","8915","61400","60300","-32167"
"280","Merwyn","Roscher","mroscher7r@1und1.de","NYKljhg","75991","12817","5058","61400","60300","-63584"
"281","Opaline","Scarsbrook","oscarsbrook7s@dropbox.com","zhxOzYWF","218916","50534","19051","61400","60300","27631"
"282","Iorgo","Cafferty","icafferty7t@archive.org","A0jbyF2hGll","261793","64572","21796","61400","60300","53725"
"283","Kat","Torre","ktorre7u@behance.net","J43jLY6","212163","48576","18229","61400","60300","23658"
"284","Berke","Walker","bwalker7v@vinaora.com","YdFx8OPC5p","250961","60998","20370","61400","60300","47893"
"285","Billy","Sprason","bsprason7w@kickstarter.com","dJGxAM1OVk","186819","41226","15148","61400","60300","8745"
"286","Khalil","Corlett","kcorlett7x@umich.edu","U8RbSx","205308","46588","17396","61400","60300","19624"
"287","Benedick","Bissell","bbissell7y@elpais.com","zHgPqN0T","129072","25276","9722","61400","60300","-27626"
"288","Ambrosi","Iliffe","ailiffe7z@webeden.co.uk","oqmUOTaAYj","33806","5071","1707","1927","534","24567"
"289","Audi","Gossart","agossart80@discuz.net","vhtPZ20hWo","160083","33473","11897","61400","60300","-6987"
"290","Roslyn","Grinstead","rgrinstead81@addtoany.com","a2uVLKSSVa4T","34299","5145","1732","1955","542","24925"
"291","Toni","Gotliffe","tgotliffe82@sogou.com","SgRurDAT","42283","6342","2135","2410","668","30728"
"292","Jany","Fielden","jfielden83@mapquest.com","f3pGnz","216488","49830","18755","61400","60300","26203"
"293","Royal","Brome","rbrome84@shareasale.com","B8gEVvsqvpn","145518","29552","11557","61400","60300","-17291"
"294","Laurens","Linnitt","llinnitt85@freewebs.com","cbnyEp","110822","20531","7685","61400","60300","-39094"
"295","Farley","Gherardini","fgherardini86@aol.com","7QPD4E","89932","15675","6334","61400","60300","-53777"
"296","Kelci","Stammler","kstammler87@alexa.com","KazZytPmr4","250045","60695","20250","61400","60300","47400"
"297","Delmore","Barlee","dbarlee88@blinklist.com","YogdSUA","200016","45053","16752","61400","60300","16511"
"298","Sibella","Westlake","swestlake89@1und1.de","TmkQNu","90786","15850","6412","61400","60300","-53176"
"299","Coop","Downton","cdownton8a@themeforest.net","TwQaaj","215186","49453","18597","61400","60300","25436"
"300","Thibaut","Pardew","tpardew8b@amazonaws.com","97RrYaVk","263646","65184","22039","61400","60300","54723"
"301","Leighton","Vickars","lvickars8c@tripod.com","Du0mVL","139874","28085","10927","61400","60300","-20838"
"302","Putnem","De Pietri","pdepietri8d@t-online.de","dhTR1D","282036","71252","24460","61400","60300","64624"
"303","Vassily","Carabine","vcarabine8e@msn.com","nEGmUQQpTFM","108957","20046","7477","61400","60300","-40266"
"304","Corinne","Feavearyear","cfeavearyear8f@t-online.de","sXTPdR4O0E9C","87238","15123","6087","61400","60300","-55672"
"305","Evanne","Guidotti","eguidotti8g@aboutads.info","7cfoo41KREkK","68476","11277","4370","61400","60300","-68871"
"306","Cirstoforo","Deveril","cdeveril8h@geocities.jp","BErKja","134798","26765","10361","61400","60300","-24028"
"307","Gauthier","Le - Count","glecount8i@ebay.co.uk","49eAtY","181370","39646","14485","61400","60300","5539"
"308","Nikos","Oven","noven8j@about.com","q4MxlvoK","118780","22600","8573","61400","60300","-34093"
"309","Kristy","McClaurie","kmcclaurie8k@discuz.net","kIF9aeCjf3","98094","17348","6265","61400","60300","-47219"
"310","Cara","Kopec","ckopec8l@ucoz.com","XYiBTKgfnq","284224","71974","24748","61400","60300","65802"
"311","Gwennie","Littley","glittley8m@jiathis.com","VRbtHn","295178","75589","26189","61400","60300","71700"
"312","Joachim","Chatten","jchatten8n@hibu.com","NJTCBT0o","281562","71096","24397","61400","60300","64369"
"313","Lyell","O' Molan","lomolan8o@pagesperso-orange.fr","FoXYgMUjoF1","277931","69898","23919","61400","60300","62414"
"314","Carolyn","Sevior","csevior8p@wikipedia.org","NBIt7CN7gTC","97505","17228","6199","61400","60300","-47622"
"315","Grazia","Meynell","gmeynell8q@wsj.com","UjfPr5","60360","9613","3628","3441","60300","-16622"
"316","Eldin","Joselson","ejoselson8r@intel.com","sPS1JW0vx","192056","42745","15784","61400","60300","11827"
"317","Gleda","Silverthorn","gsilverthorn8s@oracle.com","zU7w1yCw5g","45131","6770","2279","2572","713","32797"
"318","Paige","Hardman","phardman8t@cisco.com","HULedkm4Ezys","44594","6689","2252","2542","705","32406"
"319","Tiffany","Morrid","tmorrid8u@blogspot.com","egPuRXhzrlM","197502","44324","16447","61400","60300","15031"
"320","Cristin","Pinnington","cpinnington8v@biblegateway.com","q2nOyHmv7F","55523","8621","3185","3165","877","39675"
"321","Ashlie","Blanchette","ablanchette8w@dell.com","TmrRFS","245214","59101","19614","61400","60300","44799"
"322","Glenn","Washbrook","gwashbrook8x@freewebs.com","HA4zu8OYy3","34667","5200","1751","1976","548","25192"
"323","Jacinda","Melbert","jmelbert8y@qq.com","Spf1Zo","229615","53953","17561","61400","60300","36401"
"324","Ive","Sexstone","isexstone8z@google.com.hk","HdQMgoR9tO","269991","67278","22874","61400","60300","58139"
"325","Sutton","Davys","sdavys90@tiny.cc","pvEI6BopXW0","167929","35748","12851","61400","60300","-2370"
"326","Caz","Adamolli","cadamolli91@sogou.com","mqI1chq3","270101","67314","22889","61400","60300","58198"
"327","Ernie","Asling","easling92@quantcast.com","sOkKT2qjs76","49964","7495","2676","2848","789","36156"
"328","Aila","Parken","aparken93@dropbox.com","7mwRjKZ","37736","5660","1906","2151","596","27423"
"329","Jacinda","Moylan","jmoylan94@tripod.com","vGGj3b","195491","43741","16202","61400","60300","13848"
"330","Lynnette","Backler","lbackler95@histats.com","3OkGbbTN1","241476","57868","19122","61400","60300","42786"
"331","Malcolm","Moehler","mmoehler96@hud.gov","5zSC5z2J","46934","7040","2399","2675","742","34078"
"332","Carissa","Edgler","cedgler97@flavors.me","ITs8ruzOR7","211115","48272","18102","61400","60300","23041"
"333","Beniamino","Gonnelly","bgonnelly98@edublogs.org","7ugUh7YBo","121005","23179","8821","61400","60300","-32695"
"334","Rianon","Semiraz","rsemiraz99@youtube.com","3pi9IzFiCzM","150511","30850","10733","61400","60300","-12772"
"335","Boy","Lugsdin","blugsdin9a@biblegateway.com","lQ6zPZx3qKL","48664","7300","2557","2774","769","35264"
"336","Luz","Lummis","llummis9b@unesco.org","9wBd70XRXoI","244871","58988","19569","61400","60300","44614"
"337","Malory","Dictus","mdictus9c@bigcartel.com","5JobbIuGUT","218842","50513","19042","61400","60300","27587"
"338","Emlen","Slaght","eslaght9d@goodreads.com","wKrble83yc5","66428","10857","4183","61400","60300","-70312"
"339","Quincy","Kenson","qkenson9e@cloudflare.com","ZkvTx8N4c","60479","9637","3639","3447","60300","-16544"
"340","Latrena","Pydcock","lpydcock9f@wsj.com","Od862y","59264","9388","3527","3378","936","42035"
"341","Frazer","Allcroft","fallcroft9g@google.de","pXCaWGLF","289393","73680","25428","61400","60300","68585"
"342","Hervey","Trinkwon","htrinkwon9h@photobucket.com","q69RD8hFK0D","200052","45064","16757","61400","60300","16531"
"343","Holden","Feary","hfeary9i@cbslocal.com","nXtmIs5TP","105671","19192","7110","61400","60300","-42331"
"344","Roselin","McRobert","rmcrobert9j@flickr.com","P1jSyekBWf0Y","32594","4889","1646","1858","515","23686"
"345","Neely","Inglese","ninglese9k@boston.com","vuNpWNREB","299275","76941","26728","61400","60300","73906"
"346","Bobby","Gregore","bgregore9l@sciencedaily.com","GWk21z4M1uJk","86762","15025","6043","61400","60300","-56006"
"347","Lorelle","Retchford","lretchford9m@drupal.org","FBcEbAaxvv9","286294","72658","25020","61400","60300","66916"
"348","Kameko","Cash","kcash9n@fotki.com","L8r8vjCHxF","46953","7043","2401","2676","742","34091"
"349","Aubrey","Scannell","ascannell9o@bravesites.com","oiYN2q6qK4Y","74468","12505","4919","61400","60300","-64656"
"350","Geri","Copson","gcopson9p@elegantthemes.com","3I78q4oH","114187","21406","8061","61400","60300","-36980"
"351","Jilly","Colvin","jcolvin9q@patch.com","uoxiXT3VD","219459","50692","19117","61400","60300","27950"
"352","Lisette","Petlyura","lpetlyura9r@about.me","E5Nv7qo7c3C","188828","41809","15392","61400","60300","9927"
"353","Uta","Gouck","ugouck9s@digg.com","3iiB9vxC","264637","65511","22170","61400","60300","55256"
"354","Vale","Sherman","vsherman9t@ycombinator.com","EjNj0CY","46920","7038","2398","2674","741","34069"
"355","Regan","Seyffert","rseyffert9u@eepurl.com","LGGAgx","212523","48681","18273","61400","60300","23869"
"356","Sheffield","Murch","smurch9v@nih.gov","1Hlc4EOX","255065","62352","20910","61400","60300","50103"
"357","Ricoriki","Biss","rbiss9w@nasa.gov","OrnHfqylLMiY","287430","73032","25169","61400","60300","67529"
"358","Maiga","Van den Broek","mvandenbroek9x@answers.com","hEMDNKza","249484","60510","20176","61400","60300","47098"
"359","Mireielle","Meah","mmeah9y@upenn.edu","qRhr34ef4OoS","100114","17763","6490","61400","60300","-45839"
"360","Granger","Dust","gdust9z@webeden.co.uk","kVKy1HVGh","197211","44240","16411","61400","60300","14860"
"361","Barris","Clissell","bclissella0@nba.com","YaGW8nyMxaYE","31698","4755","1601","1807","501","23034"
"362","Bourke","Duckworth","bduckwortha1@cisco.com","p80zjCK","82821","14217","5683","61400","60300","-58779"
"363","Caryl","Brennan","cbrennana2@zdnet.com","01LEc7sh","160193","33505","11910","61400","60300","-6922"
"364","Reynard","Roseman","rrosemana3@washington.edu","pc1l8N","35878","5382","1812","2045","567","26072"
"365","Modestia","Sweetman","msweetmana4@mit.edu","WOIAbqA","214422","49231","18504","61400","60300","24987"
"366","Marlon","Caldeiro","mcaldeiroa5@wordpress.com","ktSxM0Xvcit","87338","15143","6096","61400","60300","-55601"
"367","Geraldine","Whillock","gwhillocka6@canalblog.com","Gx8aDdeFFn","54092","8328","3054","3083","855","38772"
"368","Avrit","Keeltagh","akeeltagha7@163.com","ZGldi4L2W","48889","7333","2578","2787","772","35419"
"369","Clovis","MacLachlan","cmaclachlana8@paypal.com","1T5KY2gLWR","261746","64557","21789","61400","60300","53700"
"370","Bernelle","Cordelette","bcordelettea9@123-reg.co.uk","M0RFrM","112083","20859","7826","61400","60300","-38302"
"371","Henrik","Bern","hbernaa@nationalgeographic.com","83Z3GtPhMRGv","29415","4412","1485","1677","465","21376"
"372","Corina","Knutsen","cknutsenab@elegantthemes.com","m2MNlUYMBmb2","37479","5622","1893","2136","592","27236"
"373","Rey","Summerrell","rsummerrellac@mozilla.org","hGH2NWMhfz","156821","32527","11500","61400","60300","-8906"
"374","Fabiano","Keune","fkeunead@cnn.com","ZyHgnF6Iirl5","115468","21739","8203","61400","60300","-36174"
"375","Robena","de Pinna","rdepinnaae@wired.com","ABOC8i","28218","4233","1425","1608","446","20506"
"376","Guthrey","Nacci","gnacciaf@aboutads.info","0zZMVXOqL","215510","49547","18636","61400","60300","25627"
"377","Kaiser","Seymour","kseymourag@geocities.jp","RZefRitY","122312","23519","8967","61400","60300","-31874"
"378","Agathe","Wingeatt","awingeattah@delicious.com","Ga5xMmflO","160892","33708","11995","61400","60300","-6511"
"379","Dorian","Rounsefull","drounsefullai@cloudflare.com","MUQuvRzmu","39122","5868","1976","2230","618","28430"
"380","Laurie","Leech","lleechaj@dailymotion.com","LeDwfi","206227","46855","17508","61400","60300","20164"
"381","Newton","Baty","nbatyak@ebay.co.uk","hsSMpSrn7g","191518","42589","15719","61400","60300","11510"
"382","Rickard","Caseri","rcaserial@fc2.com","TDlVNenROsM","264931","65608","22209","61400","60300","55414"
"383","Karim","Gramer","kgrameram@domainmarket.com","0165BdqUq","151495","31106","10852","61400","60300","-12163"
"384","Josephina","Ghilks","jghilksan@wired.com","crNXMp8b","292907","74840","25890","61400","60300","70477"
"385","Raynell","Blaney","rblaneyao@home.pl","7F3R28vq","104761","18955","7009","61400","60300","-42903"
"386","Kenna","Le Floch","kleflochap@soundcloud.com","MlJ0yKUbi","251235","61088","20406","61400","60300","48041"
"387","Ring","Kobpa","rkobpaaq@walmart.com","5fgqRTpksJ","115002","21618","8151","61400","60300","-36467"
"388","Marlena","Greenin","mgreeninar@vimeo.com","Gh1tS9","122281","23511","8964","61400","60300","-31894"
"389","Demetrius","Blazi","dblazias@oaic.gov.au","nnLlJh102","157491","32721","11581","61400","60300","-8511"
"390","Georgette","Cockell","gcockellat@jiathis.com","FydzLXlWD","295263","75617","26200","61400","60300","71746"
"391","Tuck","Lowen","tlowenau@japanpost.jp","1QjEQrJYI5sh","250538","60858","20314","61400","60300","47666"
"392","Savina","Russi","srussiav@aol.com","5V1pJ8TSy8h","167574","35645","12807","61400","60300","-2578"
"393","Farlay","Kitchin","fkitchinaw@shutterfly.com","gU8UVNPHsJ8","93757","16459","5781","61400","60300","-50183"
"394","Lira","Moret","lmoretax@feedburner.com","pAWOkZd54fZX","198812","44704","16606","61400","60300","15802"
"395","Brandice","Migheli","bmigheliay@fc2.com","icmZrJ","31035","4655","1567","1769","490","22554"
"396","Fitz","Nother","fnotheraz@deviantart.com","aBPbsSEh1HUS","76963","13017","5147","61400","60300","-62901"
"397","Anson","Sigart","asigartb0@ameblo.jp","Xkvb0qB8b","157598","32752","11594","61400","60300","-8448"
"398","Jdavie","Guly","jgulyb1@flickr.com","4KO8ZS5w0","204175","46260","17258","61400","60300","18957"
"399","Alan","Guarin","aguarinb2@oakley.com","mcOqjZDE","53869","8282","3034","3071","851","38631"
"400","Daniele","Pakes","dpakesb3@bizjournals.com","acUeZPzM9","199100","44788","16641","61400","60300","15971"
"401","Berry","Pendlington","bpendlingtonb4@microsoft.com","Y7mrxDd4IA3r","112336","20925","7854","61400","60300","-38143"
"402","Mikaela","Tippett","mtippettb5@ning.com","TiQkPneP","25478","3822","1287","1452","403","18514"
"403","Willow","Scutts","wscuttsb6@google.cn","cr7enFWXuKe","147939","30182","11827","61400","60300","-15770"
"404","Traver","McRavey","tmcraveyb7@ameblo.jp","c66eJyWw","96793","17082","6119","61400","60300","-48108"
"405","Aida","Couche","acoucheb8@cdc.gov","eAhxCI","145153","29457","11516","61400","60300","-17520"
"406","Jillene","Errol","jerrolb9@cloudflare.com","WP6SmLhuUVl","206146","46831","17498","61400","60300","20117"
"407","Courtney","Quye","cquyeba@biglobe.ne.jp","bdP2xx","84033","14466","5794","61400","60300","-57927"
"408","Bordy","Leel","bleelbb@foxnews.com","UFE3ngf4M","93555","16418","5758","61400","60300","-50321"
"409","Ralph","McCrudden","rmccruddenbc@shutterfly.com","rO6PaiW","40818","6123","2061","2327","645","29662"
"410","Karen","Wrintmore","kwrintmorebd@fotki.com","XzjVsNDWc9","187905","41541","15280","61400","60300","9384"
"411","Eolande","Licciardo","elicciardobe@naver.com","TxQIUWXVM","137330","27423","10643","61400","60300","-22436"
"412","Evaleen","Perrot","eperrotbf@ft.com","sU2PmzbbuyF","204297","46295","17273","61400","60300","19029"
"413","Francklin","Dignon","fdignonbg@tinyurl.com","o2BXUZzif0","111246","20642","7732","61400","60300","-38828"
"414","Merle","Dyment","mdymentbh@macromedia.com","REPuyxMk6","184684","40607","14888","61400","60300","7489"
"415","Elaine","Gruby","egrubybi@hatena.ne.jp","on6RE5Gv","241355","57828","19106","61400","60300","42721"
"416","Currey","Aubery","cauberybj@archive.org","ax80H0","117766","22337","8460","61400","60300","-34731"
"417","Keen","Espada","kespadabk@ycombinator.com","0e8euMJI","121311","23258","8856","61400","60300","-32503"
"418","Ernie","Hellwig","ehellwigbl@mayoclinic.com","ia2hCk4kvo","176319","38181","13871","61400","60300","2567"
"419","Gisele","Nelthorpe","gnelthorpebm@seesaa.net","piH2dOs8","42423","6363","2142","2418","670","30830"
"420","Hildy","Geach","hgeachbn@myspace.com","GMeD8W03qm","172208","36989","13371","61400","60300","148"
"421","Maryl","Gunney","mgunneybo@dot.gov","9t3PRIf2a3m","258538","63498","21367","61400","60300","51973"
"422","Reece","Brient","rbrientbp@sohu.com","EXgGNkt08","85224","14710","5903","61400","60300","-57089"
"423","Sophie","Trudgian","strudgianbq@desdev.cn","9zAIDynW8E5d","30960","4644","1563","1765","489","22499"
"424","Thibaud","Staten","tstatenbr@unblog.fr","e4EjL0M","83673","14392","5761","61400","60300","-58180"
"425","Kristian","Hylton","khyltonbs@boston.com","e1qGmEhz6","218521","50420","19003","61400","60300","27398"
"426","Katharina","Kleyn","kkleynbt@amazonaws.com","4nM6Qp18AJ","224155","52152","16842","61400","60300","33461"
"427","Cathe","Moorton","cmoortonbu@wsj.com","bdvjqAm","190070","42169","15543","61400","60300","10658"
"428","Kamilah","Prettejohns","kprettejohnsbv@virginia.edu","MOysDF","28511","4277","1440","1625","450","20719"
"429","Bertine","Roser","broserbw@nih.gov","ErzJPDsaRK7","154048","31770","11163","61400","60300","-10585"
"430","Nathan","Kruschov","nkruschovbx@oaic.gov.au","D3kr8NR","248111","60057","19995","61400","60300","46359"
"431","Nick","Tumpane","ntumpaneby@dagondesign.com","XKT7PZl","293133","74914","25920","61400","60300","70599"
"432","Cherlyn","Dummer","cdummerbz@etsy.com","4fo1ks","269329","67059","22787","61400","60300","57783"
"433","Gerladina","Alpine","galpinec0@chicagotribune.com","Hbibkpti","210016","47953","17968","61400","60300","22395"
"434","Tomas","Gillio","tgillioc1@flickr.com","AqeKgn","104430","18869","6972","61400","60300","-43111"
"435","Amory","Conrad","aconradc2@ocn.ne.jp","dsnfo1AtLWef","68513","11284","4374","61400","60300","-68845"
"436","Lynette","Benedetti","lbenedettic3@fema.gov","9KLOn2fFM","259563","63836","21502","61400","60300","52525"
"437","Ashli","Bukac","abukacc4@go.com","uubacnS","122442","23553","8982","61400","60300","-31793"
"438","Jourdain","Wharin","jwharinc5@theglobeandmail.com","9vT5h3","69314","11449","4447","61400","60300","-68282"
"439","Nessie","Loveitt","nloveittc6@sphinn.com","mwgNSJpnJk","183691","40319","14767","61400","60300","6905"
"440","Maddy","Nockells","mnockellsc7@deliciousdays.com","pCBrbeHEJEgq","118328","22483","8523","61400","60300","-34378"
"441","Dottie","Davion","ddavionc8@stumbleupon.com","OiDcQYYRoRce","97182","17161","6163","61400","60300","-47842"
"442","Donica","Sickamore","dsickamorec9@cornell.edu","zRyKa2bO","228507","53588","17415","61400","60300","35804"
"443","Jeddy","Van der Kruys","jvanderkruysca@comsenz.com","v2oQGOmW6m","140429","28229","10989","61400","60300","-20489"
"444","Delaney","Bradden","dbraddencb@state.gov","9tx2IGFjmO","30720","4608","1551","1751","485","22325"
"445","Rowland","Speddin","rspeddincc@google.cn","bxoeEtOPsT2k","296233","75937","26328","61400","60300","72268"
"446","Xylina","Risborough","xrisboroughcd@japanpost.jp","u74lIy45jZq","120350","23009","8748","61400","60300","-33107"
"1","Ardisj","Rosekilly","arosekilly0@census.gov","AzFVuMv8","220136","50888","16314","61400","60300","31234"
"2","Wain","Tease","wtease1@nps.gov","F9kGvfb8Y","157476","32717","11580","61400","60300","-8521"
"3","Annabelle","Bellin","abellin2@baidu.com","97F71VXQgW9A","110544","20459","7654","61400","60300","-39269"
"4","Victoir","Coraini","vcoraini3@va.gov","5sOlDKN8yf","39951","5993","2018","2277","631","29032"
"5","Eveline","Newlove","enewlove4@time.com","KaPWyk","269535","67127","22814","61400","60300","57894"
"1","Ardisj","Rosekilly","arosekilly0@census.gov","AzFVuMv8","220136","50888","16314","61400","60300","31234"
"2","Wain","Tease","wtease1@nps.gov","F9kGvfb8Y","157476","32717","11580","61400","60300","-8521"
